PEEF24I;System;22-11-2021 08:27;Lucas se ha conectado.
PEEF24I;System;22-11-2021 08:27;Lucas se ha desconectado.
PEEF24I;System;22-11-2021 08:27;Lucas se ha desconectado.
PEEF24I;System;22-11-2021 08:27;Matias se ha conectado.
PEEF24I;System;22-11-2021 08:27;Lucas se ha desconectado.
PEEF24I;System;22-11-2021 08:27;Lucas se ha desconectado.
PEEF24I;System;22-11-2021 08:27;Matias se ha desconectado.
PEEF24I;System;22-11-2021 08:27;Lucas se ha desconectado.
PEEF24I;System;22-11-2021 08:27;Matias se ha desconectado.
PEEF24I;System;22-11-2021 08:28;Lucas se ha desconectado.
PEEF24I;System;22-11-2021 08:28;Matias se ha desconectado.
PEEF24I;System;22-11-2021 08:28;Martin se ha conectado.
PEEF24I;System;22-11-2021 08:28;Lucas se ha desconectado.
PEEF24I;System;22-11-2021 08:28;Matias se ha desconectado.
PEEF24I;System;22-11-2021 08:28;Lucas se ha desconectado.
PEEF24I;System;22-11-2021 08:28;Matias se ha desconectado.
PEEF24I;System;22-11-2021 08:28;Martin se ha desconectado.
PEEF24I;System;22-11-2021 08:28;Lucas se ha desconectado.
PEEF24I;System;22-11-2021 08:28;Matias se ha desconectado.
PEEF24I;System;22-11-2021 08:28;Martin se ha desconectado.
PEEF24I;System;22-11-2021 08:28;Lucas se ha desconectado.
PEEF24I;System;22-11-2021 08:28;Matias se ha desconectado.
PEEF24I;System;22-11-2021 08:28;Martin se ha desconectado.
PEEF24I;System;22-11-2021 08:28;Lucas se ha desconectado.
PEEF24I;System;22-11-2021 08:28;Matias se ha desconectado.
PEEF24I;System;22-11-2021 08:28;Martin se ha desconectado.
PEEF24I;System;22-11-2021 08:28;Lucas se ha desconectado.
PEEF24I;System;22-11-2021 08:28;Matias se ha desconectado.
PEEF24I;System;22-11-2021 08:28;Martin se ha desconectado.
PEEF24I;System;22-11-2021 08:28;Lucas se ha desconectado.
PEEF24I;System;22-11-2021 08:28;Matias se ha desconectado.
PEEF24I;System;22-11-2021 08:28;Martin se ha desconectado.
PEEF24I;System;22-11-2021 08:28;Lucas se ha desconectado.
PEEF24I;System;22-11-2021 08:28;Matias se ha desconectado.
PEEF24I;System;22-11-2021 08:28;Martin se ha desconectado.
PEEF24I;System;22-11-2021 08:28;Lucas se ha desconectado.
PEEF24I;System;22-11-2021 08:28;Matias se ha desconectado.
PEEF24I;System;22-11-2021 08:28;Martin se ha desconectado.
PEEF24I;System;22-11-2021 08:28;Lucas se ha desconectado.
PEEF24I;System;22-11-2021 08:28;Matias se ha desconectado.
PEEF24I;System;22-11-2021 08:28;Martin se ha desconectado.
PEEF24I;System;22-11-2021 08:28;Lucas se ha desconectado.
PEEF24I;System;22-11-2021 08:28;Matias se ha desconectado.
PEEF24I;System;22-11-2021 08:28;Martin se ha desconectado.
PEEF24I;System;22-11-2021 08:28;Lucas se ha desconectado.
PEEF24I;System;22-11-2021 08:28;Matias se ha desconectado.
PEEF24I;System;22-11-2021 08:28;Martin se ha desconectado.
PEEF24I;System;22-11-2021 08:28;Lucas se ha desconectado.
PEEF24I;System;22-11-2021 08:28;Matias se ha desconectado.
PEEF24I;System;22-11-2021 08:28;Martin se ha desconectado.
PEEF24I;System;22-11-2021 08:28;Lucas se ha desconectado.
PEEF24I;System;22-11-2021 08:28;Matias se ha desconectado.
PEEF24I;System;22-11-2021 08:28;Martin se ha desconectado.
